{"train_loss":0.003568483176282965,"_wandb":{"runtime":6},"_timestamp":1.7455593152252882e+09,"_runtime":6.968451072,"_step":29,"epoch":30}